INTERNATIONAL  |  /solutions/international,,,,,,
Keyword,URL / Placement,Category,Search Intent,Content Summary,Production Requirements,Next Steps
"international parcel delivery

",/solutions/international,"Service page
Landing page",Commercial,"Hero section for the international page.

Key headings: International parcel delivery to X+ countries.
Subheading: Whether you are exporting, importing or shipping cross-border for your ecommerce store, ITD Global handles the carriers, the compliance and the customs so your parcels move without the paperwork getting in the way.
Jump links: Export, Import, eCommerce, Marketplace, 3PL, B2B.

CTAs: Get Started / Contact Sales.

Internal links: All audience sections on this page.","Copy: Hero headline, subheading, jump link labels.
Design: Hero with jump link navigation bar.
Dev: Jump link anchors required.
Approvals: Sign off on X+ countries claim - confirm coverage.","Write content
Confirm the countries figure is accurate.
add anchor links."
