Enterprise |  /solutions,,,,,,
Keyword,URL / Placement,Category,Search Intent,Content Summary,Production Requirements,Next Steps
Enterprise,solutions / enterprise,"service page, audience section ",commercial,"A section for enterprise businesses managing high shipping volumes across multiple sites, regions or customer channels. 
Focus on scalability, carrier flexibility, service reliability and operational control for large organisations. 

Messaging should highlight speciality in big businesses that we can tailor every shipping route to their needs. 

nclude support for complex delivery requirements, returns management and integrations with ERP, WMS and ecommerce systems. 

CTA: Speak to Our Team.","Write from scratch. 

Focus on enterprise-level priorities including scalability, resilience, commercial flexibility, multi-site shipping and maintaining consistent customer delivery experiences at volume. 

Avoid overly technical platform language. Tone should feel strategic,",
