3PL  |  /solutions/international,,,,,,
Keyword,URL / Placement,Category,Search Intent,Content Summary,Production Requirements,Next Steps
3PL provider ,/solutions/3pl,"Service page, Audience section",Commercial,"Key headings: The shipping partner built for 3PL providers.
Subheading: Whether you are managing 5 clients or 500, ITD Global gives you the carrier access, operational control and client-level reporting you need to deliver on time, every time.
Key points: Access to 85+ carriers without managing individual carrier contracts. Per-client SLA reporting and shipment visibility proof of performance for every client. Onboard new clients quickly with pre-built integrations. Handle domestic UK and international shipments to 40+ countries from one operation. Scale your volume without scaling your headcount.
Case study: Delta Fulfilment  X% accuracy. Confirm before publishing.
CTA: Book a Demo.
Internal links: /resources/case-studies, /solutions/domestic, /solutions/international.","Write from scratch. 
Confirm case study is approved before publishing. 
Design: audience section layout. 
Stats: confirm accuracy figure.",Write 3PL section from scratch. Confirm case study approval. Link to /resources case study page.
